Text,oh_label,cleaned_text,tokens,processed_text,__index_level_0__
 Get fucking real dude.,1,get fucking real dude,['get' 'fucking' 'real' 'dude'],get fucking real dude,0
 She is as dirty as they come  and that crook Rengel  the Dems are so fucking corrupt it's a joke. Make Republicans look like  ...,1,she is as dirty as they come and that crook rengel the dems are so fucking corrupt it is a joke make republicans look like,"['she' 'is' 'as' 'dirty' 'as' 'they' 'come' 'and' 'that' 'crook' 'rengel'
 'the' 'dems' 'are' 'so' 'fucking' 'corrupt' 'it' 'is' 'a' 'joke' 'make'
 'republicans' 'look' 'like']",dirty come crook rengel dems fucking corrupt joke make republican look,1
 why did you fuck it up. I could do it all day too. Let's do it when you have an hour. Ping me later to sched writing a book here.,1,why did you fuck it up i could do it all day too let us do it when you have an hour ping me later to sched writing a book here,"['why' 'did' 'you' 'fuck' 'it' 'up' 'i' 'could' 'do' 'it' 'all' 'day'
 'too' 'let' 'us' 'do' 'it' 'when' 'you' 'have' 'an' 'hour' 'ping' 'me'
 'later' 'to' 'sched' 'writing' 'a' 'book' 'here']",fuck could day let hour ping later sched writing book,2
 Dude they dont finish enclosing the fucking showers. I hate half assed jobs. Whats the reasononing behind it? Makes no sense.,1,dude they do not finish enclosing the fucking showers i hate half assed jobs what is the reasononing behind it makes no sense,"['dude' 'they' 'do' 'not' 'finish' 'enclosing' 'the' 'fucking' 'showers'
 'i' 'hate' 'half' 'assed' 'jobs' 'what' 'is' 'the' 'reasononing' 'behind'
 'it' 'makes' 'no' 'sense']",dude finish enclosing fucking shower hate half assed job reasononing behind make sense,3
 WTF are you talking about Men? No men thats not a menage  that's just gay.,1,wtf are you talking about men no men that is not a menage that is just gay,"['wtf' 'are' 'you' 'talking' 'about' 'men' 'no' 'men' 'that' 'is' 'not'
 'a' 'menage' 'that' 'is' 'just' 'gay']",wtf talking men men menage gay,4
Ill save you the trouble sister. Here comes a big ol fuck France block coming your way here on the twitter.,1,ill save you the trouble sister here comes a big old fuck france block coming your way here on the twitter,"['ill' 'save' 'you' 'the' 'trouble' 'sister' 'here' 'comes' 'a' 'big'
 'old' 'fuck' 'france' 'block' 'coming' 'your' 'way' 'here' 'on' 'the'
 'twitter']",ill save trouble sister come big old fuck france block coming way twitter,5
 Im dead serious.Real athletes never cheat don't even have the appearance of at his level. Fuck him dude seriously  I think he did,1,i am dead seriousreal athletes never cheat do not even have the appearance of at his level fuck him dude seriously i think he did,"['i' 'am' 'dead' 'seriousreal' 'athletes' 'never' 'cheat' 'do' 'not'
 'even' 'have' 'the' 'appearance' 'of' 'at' 'his' 'level' 'fuck' 'him'
 'dude' 'seriously' 'i' 'think' 'he' 'did']",dead seriousreal athlete never cheat even appearance level fuck dude seriously think,6
...go absolutely insane.hate to be the bearer of bad news..LoL..dont shoot the messenger (cause we all know you bought that pistol,1,go absolutely insanehate to be the bearer of bad newsloldo not shoot the messenger because we all know you bought that pistol,"['go' 'absolutely' 'insanehate' 'to' 'be' 'the' 'bearer' 'of' 'bad'
 'newsloldo' 'not' 'shoot' 'the' 'messenger' 'because' 'we' 'all' 'know'
 'you' 'bought' 'that' 'pistol']",absolutely insanehate bearer bad newsloldo shoot messenger know bought pistol,7
"Lmao  im watching the same thing ahaha. The gay guy is hilarious! ""Dede having a good day and I dont want anyone to mess it up.""",1,lmao i am watching the same thing ahaha the gay guy is hilarious dede having a good day and i do not want anyone to mess it up,"['lmao' 'i' 'am' 'watching' 'the' 'same' 'thing' 'ahaha' 'the' 'gay' 'guy'
 'is' 'hilarious' 'dede' 'having' 'a' 'good' 'day' 'and' 'i' 'do' 'not'
 'want' 'anyone' 'to' 'mess' 'it' 'up']",lmao watching thing ahaha gay guy hilarious dede good day want anyone mess,8
LOL  no he said  What do you call a jail cell to a gay guy? Paradise! ahaha.,1,lol no he said what do you call a jail cell to a gay guy paradise ahaha,"['lol' 'no' 'he' 'said' 'what' 'do' 'you' 'call' 'a' 'jail' 'cell' 'to'
 'a' 'gay' 'guy' 'paradise' 'ahaha']",lol said call jail cell gay guy paradise ahaha,9
truth on both counts that guy is an ass  and their product is sub par. I tell people try Dalesandros orJim's,1,truth on both counts that guy is an ass and their product is sub par i tell people try dalesandros orjims,"['truth' 'on' 'both' 'counts' 'that' 'guy' 'is' 'an' 'ass' 'and' 'their'
 'product' 'is' 'sub' 'par' 'i' 'tell' 'people' 'try' 'dalesandros'
 'orjims']",truth count guy as product sub par tell people try dalesandros orjims,10
Shakespeare nerd!,1,shakespeare nerd,['shakespeare' 'nerd'],shakespeare nerd,11
you are SUCH a fucking dork,1,you are such a fucking dork,['you' 'are' 'such' 'a' 'fucking' 'dork'],fucking dork,12
Heh. Fuck 'em WHERE?!?,1,heh fuck them where,['heh' 'fuck' 'them' 'where'],heh fuck,13
damn it i totally forgot that one!,1,damn it i totally forgot that one,['damn' 'it' 'i' 'totally' 'forgot' 'that' 'one'],damn totally forgot one,14
wow  damn I would have been pissed @ that...,1,wow damn i would have been pissed that,['wow' 'damn' 'i' 'would' 'have' 'been' 'pissed' 'that'],wow damn would pissed,15
nigga u geigh lmao! fuck yo finals beeeeeitch,1,nigga you geigh lmao fuck yo finals beeeeeitch,['nigga' 'you' 'geigh' 'lmao' 'fuck' 'yo' 'finals' 'beeeeeitch'],nigga geigh lmao fuck final beeeeeitch,16
that sucks :(,1,that sucks,['that' 'sucks'],suck,17
"read that this morning. my fav is how they just straight up say ""cum shots""",1,read that this morning my fav is how they just straight up say cum shots,"['read' 'that' 'this' 'morning' 'my' 'fav' 'is' 'how' 'they' 'just'
 'straight' 'up' 'say' 'cum' 'shots']",read morning fav straight say cum shot,18
Unibroue 17 !!!! Another damn good Unibroue,1,unibroue another damn good unibroue,['unibroue' 'another' 'damn' 'good' 'unibroue'],unibroue another damn good unibroue,19
damn your evil 60 minute IPA beckoning me from the fridge right now...,1,damn your evil minute ipa beckoning me from the fridge right now,"['damn' 'your' 'evil' 'minute' 'ipa' 'beckoning' 'me' 'from' 'the'
 'fridge' 'right' 'now']",damn evil minute ipa beckoning fridge right,20
It did  then my fucking dad turned it off. I just don't think it likes your movies. I was tryin to watch Nanny Diaries.,1,it did then my fucking dad turned it off i just do not think it likes your movies i was tryin to watch nanny diaries,"['it' 'did' 'then' 'my' 'fucking' 'dad' 'turned' 'it' 'off' 'i' 'just'
 'do' 'not' 'think' 'it' 'likes' 'your' 'movies' 'i' 'was' 'tryin' 'to'
 'watch' 'nanny' 'diaries']",fucking dad turned think like movie tryin watch nanny diary,21
it pretty much is a fuck you card..,1,it pretty much is a fuck you card,['it' 'pretty' 'much' 'is' 'a' 'fuck' 'you' 'card'],pretty much fuck card,22
that karma is a bitch  HUH,1,that karma is a bitch huh,['that' 'karma' 'is' 'a' 'bitch' 'huh'],karma bitch huh,23
don't get too fat or you'll turn into a boomer,1,do not get too fat or you will turn into a boomer,['do' 'not' 'get' 'too' 'fat' 'or' 'you' 'will' 'turn' 'into' 'a' 'boomer'],get fat turn boomer,24
the hormones are worse for guys.  I cant tell you how much I truly hate the thoughts that go through my head.,1,the hormones are worse for guys i cannot tell you how much i truly hate the thoughts that go through my head,"['the' 'hormones' 'are' 'worse' 'for' 'guys' 'i' 'can' 'not' 'tell' 'you'
 'how' 'much' 'i' 'truly' 'hate' 'the' 'thoughts' 'that' 'go' 'through'
 'my' 'head']",hormone worse guy tell much truly hate thought head,25
except for joe jonas the ass munch who broke up w/our tyler via phone..kinda like doing via text - what kind of a-hole does that?,1,except for joe jonas the ass munch who broke up wour tyler via phonekind of like doing via text what kind of ahole does that,"['except' 'for' 'joe' 'jonas' 'the' 'ass' 'munch' 'who' 'broke' 'up'
 'wour' 'tyler' 'via' 'phonekind' 'of' 'like' 'doing' 'via' 'text' 'what'
 'kind' 'of' 'ahole' 'does' 'that']",except joe jonas as munch broke wour tyler phonekind text kind ahole,26
man that rly sucks. I for 1 am positive that all will work out. You're a bright dude... pretty cool 2 if I don't say so myself.,1,man that really sucks i for am positive that all will work out you are a bright dude pretty cool if i do not say so myself,"['man' 'that' 'really' 'sucks' 'i' 'for' 'am' 'positive' 'that' 'all'
 'will' 'work' 'out' 'you' 'are' 'a' 'bright' 'dude' 'pretty' 'cool' 'if'
 'i' 'do' 'not' 'say' 'so' 'myself']",man really suck positive work bright dude pretty cool say,27
hard to kick ass yourself with slippers on?  On it.,1,hard to kick ass yourself with slippers on on it,['hard' 'to' 'kick' 'ass' 'yourself' 'with' 'slippers' 'on' 'on' 'it'],hard kick as slipper,28
Thats pretty damn awesome! Very smart :) @Aaronage Sure!,1,that is pretty damn awesome very smart aaronage sure,['that' 'is' 'pretty' 'damn' 'awesome' 'very' 'smart' 'aaronage' 'sure'],pretty damn awesome smart aaronage sure,29
freak'n awesome. so far loving 4.5. the browser is fantastic. and finally video  pretty cool,1,freakn awesome so far loving the browser is fantastic and finally video pretty cool,"['freakn' 'awesome' 'so' 'far' 'loving' 'the' 'browser' 'is' 'fantastic'
 'and' 'finally' 'video' 'pretty' 'cool']",freakn awesome far loving browser fantastic finally video pretty cool,30
Damn  that sounds good...,1,damn that sounds good,['damn' 'that' 'sounds' 'good'],damn sound good,31
they should have a wii loser..that way you can compete with your wii friends.,1,they should have a wii loserthat way you can compete with your wii friends,"['they' 'should' 'have' 'a' 'wii' 'loserthat' 'way' 'you' 'can' 'compete'
 'with' 'your' 'wii' 'friends']",wii loserthat way compete wii friend,32
@markmancao haha. i love it! gay nights for all!,1,markmancao haha i love it gay nights for all,['markmancao' 'haha' 'i' 'love' 'it' 'gay' 'nights' 'for' 'all'],markmancao haha love gay night,33
that's awesome! you're pretty damn good!,1,that is awesome you are pretty damn good,['that' 'is' 'awesome' 'you' 'are' 'pretty' 'damn' 'good'],awesome pretty damn good,34
Faggoty fag fag. Gay secks man blowjob. Settle down.,1,faggoty fag fag gay secks man blowjob settle down,['faggoty' 'fag' 'fag' 'gay' 'secks' 'man' 'blowjob' 'settle' 'down'],faggoty fag fag gay secks man blowjob settle,35
Right. That wouldn't be creepy as fuck.,1,right that would not be creepy as fuck,['right' 'that' 'would' 'not' 'be' 'creepy' 'as' 'fuck'],right would creepy fuck,36
HOLY SHIT. Fuck that band.,1,holy shit fuck that band,['holy' 'shit' 'fuck' 'that' 'band'],holy shit fuck band,37
Gay fag.,1,gay fag,['gay' 'fag'],gay fag,38
oh ok it's the dick-in-a-box guys  that explains the timberlake appearance,1,oh ok it is the dickinabox guys that explains the timberlake appearance,"['oh' 'ok' 'it' 'is' 'the' 'dickinabox' 'guys' 'that' 'explains' 'the'
 'timberlake' 'appearance']",dickinabox guy explains timberlake appearance,39
*falls off of bed laughing fabulous ass off* Dude I think that made me BLUSH. WTF? LOL?,1,falls off of bed laughing fabulous ass off dude i think that made me blush wtf lol,"['falls' 'off' 'of' 'bed' 'laughing' 'fabulous' 'ass' 'off' 'dude' 'i'
 'think' 'that' 'made' 'me' 'blush' 'wtf' 'lol']",fall bed laughing fabulous as dude think made blush wtf lol,40
and @justlikeanovel: *raises hand rather gaily* One real gay man right here  darlings! HOLLA! #supergay,1,and justlikeanovel raises hand rather gaily one real gay man right here darlings holla supergay,"['and' 'justlikeanovel' 'raises' 'hand' 'rather' 'gaily' 'one' 'real'
 'gay' 'man' 'right' 'here' 'darlings' 'holla' 'supergay']",justlikeanovel raise hand rather gaily one real gay man right darling holla supergay,41
 oh man. the malls are a mess  it grosses me out. ohhh capitalist dogma  how i hate you,1,oh man the malls are a mess it grosses me out ohhh capitalist dogma how i hate you,"['oh' 'man' 'the' 'malls' 'are' 'a' 'mess' 'it' 'grosses' 'me' 'out'
 'ohhh' 'capitalist' 'dogma' 'how' 'i' 'hate' 'you']",man mall mess gross ohhh capitalist dogma hate,42
"where'd ya put it? o btw: ""kick ass quote Copyright&#169; 2009 @abcd91 All Rights Reserved""",1,where did ya put it o by the way kick ass quote copyright abcd all rights reserved,"['where' 'did' 'ya' 'put' 'it' 'o' 'by' 'the' 'way' 'kick' 'ass' 'quote'
 'copyright' 'abcd' 'all' 'rights' 'reserved']",put way kick as quote copyright abcd right reserved,43
It sucks to be done with exams n still be @ Mayag.,1,it sucks to be done with exams n still be mayag,['it' 'sucks' 'to' 'be' 'done' 'with' 'exams' 'n' 'still' 'be' 'mayag'],suck done exam still mayag,44
Epic WINS for Fuck City&lt;3,1,epic wins for fuck citylt,['epic' 'wins' 'for' 'fuck' 'citylt'],epic win fuck citylt,45
Has it snowed where you are?? I miss the damn snow. I haven't seen any in forever. Everyone has some snow but me :( lol,1,has it snowed where you are i miss the damn snow i have not seen any in forever everyone has some snow but me lol,"['has' 'it' 'snowed' 'where' 'you' 'are' 'i' 'miss' 'the' 'damn' 'snow'
 'i' 'have' 'not' 'seen' 'any' 'in' 'forever' 'everyone' 'has' 'some'
 'snow' 'but' 'me' 'lol']",snowed miss damn snow seen forever everyone snow lol,46
 aren't you just super special.  I will not know the sweetness of sleep until about 9 tonight. I hate grad school. I want out!,1,are not you just super special i will not know the sweetness of sleep until about tonight i hate grad school i want out,"['are' 'not' 'you' 'just' 'super' 'special' 'i' 'will' 'not' 'know' 'the'
 'sweetness' 'of' 'sleep' 'until' 'about' 'tonight' 'i' 'hate' 'grad'
 'school' 'i' 'want' 'out']",super special know sweetness sleep tonight hate grad school want,47
fuck yes.  I hate them at work...,1,fuck yes i hate them at work,['fuck' 'yes' 'i' 'hate' 'them' 'at' 'work'],fuck yes hate work,48
Holy ass hell balls!!!  $260 for premium????  Fuck upgrading.  I will fucking cope with Basic,1,holy ass hell balls for premium fuck upgrading i will fucking cope with basic,"['holy' 'ass' 'hell' 'balls' 'for' 'premium' 'fuck' 'upgrading' 'i' 'will'
 'fucking' 'cope' 'with' 'basic']",holy as hell ball premium fuck upgrading fucking cope basic,49
but seriously...  WHY THE HELL ARE YOU STILL ONLINE????  Were you injured in god damn 'NAM or something???  GO!!!,1,but seriously why the hell are you still online were you injured in god damn nam or something go,"['but' 'seriously' 'why' 'the' 'hell' 'are' 'you' 'still' 'online' 'were'
 'you' 'injured' 'in' 'god' 'damn' 'nam' 'or' 'something' 'go']",seriously hell still online injured god damn nam something,50
damn. Don't want to visit a country that doesn't allow passport smile. Just want to go to Cabo soon.,1,damn do not want to visit a country that does not allow passport smile just want to go to cabo soon,"['damn' 'do' 'not' 'want' 'to' 'visit' 'a' 'country' 'that' 'does' 'not'
 'allow' 'passport' 'smile' 'just' 'want' 'to' 'go' 'to' 'cabo' 'soon']",damn want visit country allow passport smile want cabo soon,51
I've never been to New York  and Peyton was an ass when the Chargers wanted to draft him  but I do love to win.,1,i have never been to new york and peyton was an ass when the chargers wanted to draft him but i do love to win,"['i' 'have' 'never' 'been' 'to' 'new' 'york' 'and' 'peyton' 'was' 'an'
 'ass' 'when' 'the' 'chargers' 'wanted' 'to' 'draft' 'him' 'but' 'i' 'do'
 'love' 'to' 'win']",never new york peyton as charger wanted draft love win,52
damn.  did you buy bitchy too?,1,damn did you buy bitchy too,['damn' 'did' 'you' 'buy' 'bitchy' 'too'],damn buy bitchy,53
then by all means  bitch away! haha.,1,then by all means bitch away haha,['then' 'by' 'all' 'means' 'bitch' 'away' 'haha'],mean bitch away haha,54
sucks that ppl will do anything to make a buck. i just love how your fans are calling them out. and i'm glad your iphone is safe.,1,sucks that people will do anything to make a buck i just love how your fans are calling them out and i am glad your iphone is safe,"['sucks' 'that' 'people' 'will' 'do' 'anything' 'to' 'make' 'a' 'buck' 'i'
